SET IDENTITY_INSERT Regiones ON

INSERT INTO Regiones (Id, Nombre, Secuencia) VALUES ('1', 'TARAPACA', '1'), ('2', 'ANTOFAGASTA', '2'), ('3', 'ATACAMA', '3'), ('4', 'COQUIMBO', '4'), ('5', 'VALPARAISO', '5'), ('6', 'REGION LIBERTADOR BERNARDO O''HIGGINS', '6'), ('7', 'REGION DEL MAULE', '7'), ('8', 'REGION DEL BIOBIO', '8'), ('9', 'REGION DE LA ARAUCANIA', '9'), ('10', 'REGION DE LOS LAGOS', '10'), ('11', 'REGION AISEN DEL GRAL. CARLOS IBAÑEZ DEL CAMPO', '11'), ('12', 'REGION DE MAGALLANES Y ANTARTICA CHILENA', '12'), ('13', 'REGION METROPOLITANA DE SANTIAGO', '13'), ('14', 'REGION DE LOS RIOS', '14'), ('15', 'ARICA Y PARINACOTA', '15');


SET IDENTITY_INSERT Comunas ON

INSERT INTO Comunas (Id, Nombre, RegionId) VALUES ('201', 'ARICA', '15'), ('202', 'CAMARONES', '15'), ('205', 'PUTRE', '15'), ('206', 'GENERAL LAGOS', '15'), ('210', 'IQUIQUE', '1'), ('211', 'HUARA', '1'), ('212', 'CAMIÑA', '1'), ('213', 'COLCHANE', '1'), ('214', 'PICA', '1'), ('215', 'POZO ALMONTE', '1'), ('216', 'ALTO HOSPICIO', '1'), ('220', 'TOCOPILLA', '2'), ('221', 'MARIA ELENA', '2'), ('225', 'CALAMA', '2'), ('226', 'OLLAGÜE', '2'), ('227', 'SAN PEDRO DE ATACAMA', '2'), ('230', 'ANTOFAGASTA', '2'), ('231', 'MEJILLONES', '2'), ('232', 'SIERRA GORDA', '2'), ('233', 'TALTAL', '2'), ('235', 'CHAÑARAL', '3'), ('236', 'DIEGO DE ALMAGRO', '3'), ('240', 'COPIAPO', '3'), ('241', 'CALDERA', '3'), ('242', 'TIERRA AMARILLA', '3'), ('245', 'VALLENAR', '3'), ('246', 'FREIRINA', '3'), ('247', 'HUASCO', '3'), ('248', 'ALTO DEL CARMEN', '3'), ('250', 'LA SERENA', '4'), ('251', 'LA HIGUERA', '4'), ('252', 'COQUIMBO', '4'), ('253', 'ANDACOLLO', '4'), ('254', 'VICUÑA', '4'), ('255', 'PAIHUANO', '4'), ('260', 'OVALLE', '4'), ('261', 'RIO HURTADO', '4'), ('262', 'MONTE PATRIA', '4'), ('263', 'COMBARBALA', '4'), ('264', 'PUNITAQUI', '4'), ('270', 'ILLAPEL', '4'), ('271', 'SALAMANCA', '4'), ('272', 'LOS VILOS', '4'), ('273', 'CANELA', '4'), ('275', 'LA LIGUA', '5'), ('276', 'PETORCA', '5'), ('277', 'CABILDO', '5'), ('278', 'ZAPALLAR', '5'), ('279', 'PAPUDO', '5'), ('285', 'LOS ANDES', '5'), ('286', 'SAN ESTEBAN', '5'), ('287', 'CALLE LARGA', '5'), ('288', 'RINCONADA', '5'), ('290', 'SAN FELIPE', '5'), ('291', 'PUTAENDO', '5'), ('292', 'SANTA MARIA', '5'), ('293', 'PANQUEHUE', '5'), ('294', 'LLAY LLAY', '5'), ('295', 'CATEMU', '5'), ('300', 'QUILLOTA', '5'), ('301', 'LA CRUZ', '5'), ('302', 'CALERA', '5'), ('303', 'NOGALES', '5'), ('304', 'HIJUELAS', '5'), ('305', 'OLMUÉ', '5'), ('306', 'VILLA ALEMANA', '5'), ('310', 'VALPARAISO', '5'), ('311', 'VIÑA DEL MAR', '5'), ('312', 'QUINTERO', '5'), ('313', 'PUCHUNCAVI', '5'), ('314', 'QUILPUE', '5'), ('315', 'LIMACHE', '5'), ('316', 'CASABLANCA', '5'), ('317', 'JUAN FERNANDEZ', '5'), ('318', 'CONCON', '5'), ('320', 'SAN ANTONIO', '5'), ('321', 'CARTAGENA', '5'), ('322', 'EL TABO', '5'), ('323', 'EL QUISCO', '5'), ('324', 'ALGARROBO', '5'), ('325', 'SANTO DOMINGO', '5'), ('330', 'ISLA DE PASCUA', '5'), ('335', 'RANCAGUA', '6'), ('336', 'GRANEROS', '6'), ('337', 'MOSTAZAL', '6'), ('338', 'CODEGUA', '6'), ('339', 'MACHALI', '6'), ('340', 'OLIVAR', '6'), ('341', 'REQUINOA', '6'), ('342', 'RENGO', '6'), ('343', 'MALLOA', '6'), ('344', 'QUINTA DE TILCOCO', '6'), ('345', 'SAN VICENTE', '6'), ('346', 'PICHIDEGUA', '6'), ('347', 'PEUMO', '6'), ('348', 'COLTAUCO', '6'), ('349', 'COINCO', '6'), ('350', 'DOÑIHUE', '6'), ('351', 'LAS CABRAS', '6'), ('355', 'SAN FERNANDO', '6');
INSERT INTO Comunas (Id, Nombre, RegionId) VALUES ('356', 'CHIMBARONGO', '6'), ('357', 'PLACILLA', '6'), ('358', 'NANCAGUA', '6'), ('359', 'CHEPICA', '6'), ('360', 'SANTA CRUZ', '6'), ('361', 'LOLOL', '6'), ('362', 'PUMANQUE', '6'), ('363', 'PALMILLA', '6'), ('364', 'PERALILLO', '6'), ('370', 'PICHILEMU', '6'), ('371', 'NAVIDAD', '6'), ('372', 'LITUECHE', '6'), ('373', 'LA ESTRELLA', '6'), ('374', 'MARCHIHUE', '6'), ('375', 'PAREDONES', '6'), ('380', 'CURICO', '7'), ('381', 'TENO', '7'), ('382', 'ROMERAL', '7'), ('383', 'MOLINA', '7'), ('384', 'SAGRADA FAMILIA', '7'), ('385', 'HUALAÑE', '7'), ('386', 'LICANTEN', '7'), ('387', 'VICHUQUEN', '7'), ('388', 'RAUCO', '7'), ('390', 'TALCA', '7'), ('391', 'PELARCO', '7'), ('392', 'RIO CLARO', '7'), ('393', 'SAN CLEMENTE', '7'), ('394', 'MAULE', '7'), ('395', 'EMPEDRADO', '7'), ('396', 'PENCAHUE', '7'), ('397', 'CONSTITUCION', '7'), ('398', 'CUREPTO', '7'), ('399', 'SAN RAFAEL', '7'), ('400', 'LINARES', '7'), ('401', 'YERBAS BUENAS', '7'), ('402', 'COLBUN', '7'), ('403', 'LONGAVI', '7'), ('404', 'PARRAL', '7'), ('405', 'RETIRO', '7'), ('406', 'VILLA ALEGRE', '7'), ('407', 'SAN JAVIER', '7'), ('410', 'CAUQUENES', '7'), ('411', 'PELLUHUE', '7'), ('412', 'CHANCO', '7'), ('415', 'CHILLAN', '8'), ('416', 'SAN CARLOS', '8'), ('417', 'ÑIQUEN', '8'), ('418', 'SAN FABIAN', '8'), ('419', 'COIHUECO', '8'), ('420', 'PINTO', '8'), ('421', 'SAN IGNACIO', '8'), ('422', 'EL CARMEN', '8'), ('423', 'YUNGAY', '8'), ('424', 'PEMUCO', '8'), ('425', 'BULNES', '8'), ('426', 'QUILLON', '8'), ('427', 'RANQUIL', '8'), ('428', 'PORTEZUELO', '8'), ('429', 'COELEMU', '8'), ('430', 'TREGUACO', '8'), ('431', 'COBQUECURA', '8'), ('432', 'QUIRIHUE', '8'), ('433', 'NINHUE', '8'), ('434', 'SAN NICOLAS', '8'), ('435', 'CHILLAN VIEJO', '8'), ('440', 'LOS ANGELES', '8'), ('441', 'CABRERO', '8'), ('442', 'TUCAPEL', '8'), ('443', 'ANTUCO', '8'), ('444', 'QUILLECO', '8'), ('445', 'SANTA BARBARA', '8'), ('446', 'QUILACO', '8'), ('447', 'MULCHEN', '8'), ('448', 'NEGRETE', '8'), ('449', 'NACIMIENTO', '8'), ('450', 'LAJA', '8'), ('451', 'SAN ROSENDO', '8'), ('452', 'YUMBEL', '8'), ('453', 'ALTO BIO BIO', '8'), ('455', 'CONCEPCION', '8'), ('456', 'TALCAHUANO', '8'), ('457', 'PENCO', '8'), ('458', 'TOME', '8'), ('459', 'FLORIDA', '8'), ('460', 'HUALQUI', '8'), ('461', 'SANTA JUANA', '8'), ('462', 'LOTA', '8'), ('463', 'CORONEL', '8'), ('464', 'SAN PEDRO DE LA PAZ', '8'), ('465', 'LEBU', '8'), ('466', 'ARAUCO', '8'), ('467', 'CURANILAHUE', '8'), ('468', 'LOS ALAMOS', '8'), ('469', 'CAÑETE', '8'), ('470', 'CONTULMO', '8'), ('471', 'TIRUA', '8'), ('473', 'HUALPEN', '8'), ('474', 'CHIGUAYANTE', '8'), ('475', 'ANGOL', '9');
INSERT INTO Comunas (Id, Nombre, RegionId) VALUES ('476', 'RENAICO', '9'), ('477', 'COLLIPULLI', '9'), ('478', 'LONQUIMAY', '9'), ('479', 'CURACAUTIN', '9'), ('480', 'ERCILLA', '9'), ('481', 'VICTORIA', '9'), ('482', 'TRAIGUEN', '9'), ('483', 'LUMACO', '9'), ('484', 'PUREN', '9'), ('485', 'LOS SAUCES', '9'), ('489', 'CHOLCHOL', '9'), ('490', 'TEMUCO', '9'), ('491', 'LAUTARO', '9'), ('492', 'PERQUENCO', '9'), ('493', 'VILCUN', '9'), ('494', 'CUNCO', '9'), ('495', 'MELIPEUCO', '9'), ('496', 'CURARREHUE', '9'), ('497', 'PUCON', '9'), ('498', 'VILLARRICA', '9'), ('499', 'FREIRE', '9'), ('500', 'PITRUFQUEN', '9'), ('501', 'GORBEA', '9'), ('502', 'LONCOCHE', '9'), ('503', 'TOLTEN', '9'), ('504', 'TEODORO SCHMIDT', '9'), ('505', 'SAAVEDRA', '9'), ('506', 'CARAHUE', '9'), ('507', 'NUEVA IMPERIAL', '9'), ('508', 'GALVARINO', '9'), ('509', 'PADRE LAS CASAS', '9'), ('510', 'VALDIVIA', '14'), ('511', 'MARIQUINA', '14'), ('512', 'LANCO', '14'), ('513', 'LOS LAGOS', '14'), ('514', 'FUTRONO', '14'), ('515', 'CORRAL', '14'), ('516', 'MAFIL', '14'), ('517', 'PANGUIPULLI', '14'), ('518', 'LA UNION', '14'), ('519', 'PAILLACO', '14'), ('520', 'RIO BUENO', '14'), ('521', 'LAGO RANCO', '14'), ('525', 'OSORNO', '10'), ('526', 'SAN PABLO', '10'), ('527', 'PUYEHUE', '10'), ('528', 'PUERTO OCTAY', '10'), ('529', 'PURRANQUE', '10'), ('530', 'RIO NEGRO', '10'), ('531', 'SAN JUAN DE LA COSTA', '10'), ('535', 'PUERTO MONTT', '10'), ('536', 'PUERTO VARAS', '10'), ('537', 'COCHAMO', '10'), ('538', 'CALBUCO', '10'), ('539', 'MAULLIN', '10'), ('540', 'LOS MUERMOS', '10'), ('541', 'FRESIA', '10'), ('542', 'LLANQUIHUE', '10'), ('543', 'FRUTILLAR', '10'), ('545', 'CASTRO', '10'), ('546', 'ANCUD', '10'), ('547', 'QUEMCHI', '10'), ('548', 'DALCAHUE', '10'), ('549', 'CURACO DE VELEZ', '10'), ('550', 'QUINCHAO', '10'), ('551', 'PUQUELDON', '10'), ('552', 'CHONCHI', '10'), ('553', 'QUEILEN', '10'), ('554', 'QUELLON', '10'), ('560', 'CHAITEN', '10'), ('561', 'HUALAIHUE', '10'), ('562', 'FUTALEUFU', '10'), ('563', 'PALENA', '10'), ('565', 'COYHAIQUE', '11'), ('566', 'LAGO VERDE', '11'), ('570', 'AYSEN', '11'), ('571', 'CISNES', '11'), ('572', 'GUAITECAS', '11'), ('575', 'CHILE CHICO', '11'), ('576', 'RIO IBAÑEZ', '11'), ('580', 'COCHRANE', '11'), ('581', 'O´HIGGINS', '11'), ('582', 'TORTEL', '11'), ('585', 'NATALES', '12'), ('586', 'TORRES DEL PAINE', '12'), ('590', 'PUNTA ARENAS', '12'), ('591', 'RIO VERDE', '12'), ('592', 'LAGUNA BLANCA', '12'), ('593', 'SAN GREGORIO', '12'), ('595', 'PORVENIR', '12'), ('596', 'PRIMAVERA', '12'), ('597', 'TIMAUKEL', '12'), ('600', 'CABO DE HORNOS', '12'), ('601', 'ANTARTICA', '12'), ('605', 'SANTIAGO', '13'), ('606', 'INDEPENDENCIA', '13'), ('607', 'CONCHALI', '13'), ('608', 'HUECHURABA', '13'), ('609', 'RECOLETA', '13'), ('610', 'PROVIDENCIA', '13');
INSERT INTO Comunas (Id, Nombre, RegionId) VALUES ('611', 'VITACURA', '13'), ('612', 'LO BARNECHEA', '13'), ('613', 'LAS CONDES', '13'), ('614', 'ÑUÑOA', '13'), ('615', 'LA REINA', '13'), ('616', 'MACUL', '13'), ('617', 'PEÑALOLEN', '13'), ('618', 'LA FLORIDA', '13'), ('619', 'SAN JOAQUIN', '13'), ('620', 'LA GRANJA', '13'), ('621', 'LA PINTANA', '13'), ('622', 'SAN RAMON', '13'), ('623', 'SAN MIGUEL', '13'), ('624', 'LA CISTERNA', '13'), ('625', 'EL BOSQUE', '13'), ('626', 'PEDRO AGUIRRE CERDA', '13'), ('627', 'LO ESPEJO', '13'), ('628', 'ESTACION CENTRAL', '13'), ('629', 'CERRILLOS', '13'), ('630', 'MAIPU', '13'), ('631', 'QUINTA NORMAL', '13'), ('632', 'LO PRADO', '13'), ('633', 'PUDAHUEL', '13'), ('634', 'CERRO NAVIA', '13'), ('635', 'RENCA', '13'), ('636', 'QUILICURA', '13'), ('640', 'COLINA', '13'), ('641', 'LAMPA', '13'), ('642', 'TILTIL', '13'), ('645', 'PUENTE ALTO', '13'), ('646', 'SAN JOSE DE MAIPO', '13'), ('647', 'PIRQUE', '13'), ('650', 'SAN BERNARDO', '13'), ('651', 'BUIN', '13'), ('652', 'PAINE', '13'), ('653', 'CALERA DE TANGO', '13'), ('660', 'MELIPILLA', '13'), ('661', 'MARIA PINTO', '13'), ('662', 'CURACAVI', '13'), ('663', 'ALHUE', '13'), ('664', 'SAN PEDRO', '13'), ('670', 'TALAGANTE', '13'), ('671', 'PEÑAFLOR', '13'), ('672', 'ISLA DE MAIPO', '13'), ('673', 'EL MONTE', '13'), ('674', 'PADRE HURTADO', '13');


SET IDENTITY_INSERT Oficinas ON
INSERT INTO Oficinas (Id, Codificacion, Nombre, ComunaId, OficinaProcesoId) VALUES ('1', 'A088', 'Sucursal Coronel', '463', '3'), ('2', 'A001', 'Sucursal Huerfanos', '605', '2'), ('3', 'A082', 'Sucursal Concepción', '455', '3');


SET IDENTITY_INSERT Procesos ON
INSERT INTO Procesos (Id, Nombre, NombreInterno, NamespaceGeneraTickets, ClaseGeneraTickets, MetodoGeneraTickets, Activo) VALUES ('1', 'Solicitud Custodia Documentos', 'SOLICITUD_CUSTODIA_DOCUMENTOS', null, null, null, 0);

SET IDENTITY_INSERT Organizaciones ON
INSERT INTO Organizaciones (Id, Nombre, TipoOrganizacion, PadreId) VALUES ('1', 'La Araucana CAFF', 'Empresa', null);


--WF

SET IDENTITY_INSERT Etapas ON

INSERT INTO Etapas (Id, ProcesoId, TipoEtapa, Nombre, NombreInterno, TipoUsuarioAsignado, ValorUsuarioAsignado, TipoDuracion, ValorDuracion, TipoDuracionRetardo, ValorDuracionRetardo, Secuencia) 
VALUES  ('1', '1', 'Inicio', 'Inicio', 'INICIO', 'Boot', 'wfboot', 'Ninguna', null, 'Ninguna', null, '100'), 
        ('2', '1', 'Actividad', 'Carga Inicial', 'CARGA_INICIAL', 'Boot', 'wfboot', 'Ninguna', null, 'Ninguna', null, '200'), 
        ('3', '1', 'Actividad', 'Despacho a Oficina Notaría', 'DESPACHO_OFICINA_NOTARIA', 'Rol', 'Sucursal', 'Ninguna', null, 'Ninguna', null, '300'), 
        ('4', '1', 'Actividad', 'Recepción Set Legal', 'RECEPCION_SET_LEGAL', 'Auto', 'USUARIO_OF_PROCESA', 'Ninguna', null, 'Ninguna', null, '400'), 
        ('5', '1', 'Actividad', 'Envío a Notaría', 'ENVIO_NOTARIA', 'Auto', 'USUARIO_OF_PROCESA', 'Ninguna', null, 'Ninguna', null, '400'), 
        ('6', '1', 'Actividad', 'Recepción de Notaría', 'RECEPCION_NOTARIA', 'Auto', 'USUARIO_OF_PROCESA', 'Ninguna', null, 'Ninguna', null, '500'), 
        ('7', '1', 'Actividad', 'Revisión de Documentos', 'REVISION_DOCUMENTOS', 'Auto', 'USUARIO_OF_PROCESA', 'Ninguna', null, 'Ninguna', null, '500'), 
        ('8', '1', 'Actividad', 'Despacho a Notaría por Reparo', 'DESPACHO_REPARO_NOTARIA', 'Auto', 'USUARIO_OF_PROCESA', 'Ninguna', null, 'Ninguna', null, '600'), 
        ('9', '1', 'Actividad', 'Despacho de Sucursal a Oficina de Partes', 'DESPACHO_OFICINA_PARTES', 'Auto', 'USUARIO_OF_PROCESA', 'Ninguna', null, 'Ninguna', null, '700'), 
        ('10', '1', 'Actividad', 'Recepción Valija Oficina de Partes', 'RECEPCION_VALIJA_OFICINA_PARTES', 'Rol', 'Oficina de Partes', 'Ninguna', null, 'Ninguna', null, '800'), 
        ('11', '1', 'Actividad', 'Recepción Valija Mesa Control', 'RECEPCION_VALIJA_MESA_CONTROL', 'Rol', 'Mesa de Control', 'Ninguna', null, 'Ninguna', null, '900'),
        ('12', '1', 'Actividad', 'Analisis Mesa Control', 'ANALISIS_MESA_CONTROL', 'Rol', 'Mesa de Control', 'Ninguna', null, 'Ninguna', null, '900'),
        ('13', '1', 'Actividad', 'Despacho a Of. Partes Para Devolución a Sucursal', 'DESPACHO_OF_PARTES_DEVOLUCION', 'Rol', 'Mesa de Control', 'Ninguna', null, 'Ninguna', null, '900'),
        ('14', '1', 'Actividad', 'Despacho a Of. Para Corrección', 'DESPACHO_OFICINA_CORRECCION', 'Rol', 'Oficina de Partes', 'Ninguna', null, 'Ninguna', null, '900'),
        ('15', '1', 'Actividad', 'Solución Reparos Sucursal', 'SOLUCION_REPAROS_SUCURSAL', 'Rol', 'USUARIO_OF_PROBLEMAS', 'Ninguna', null, 'Ninguna', null, '900'),
        ('16', '1', 'Actividad', 'Despacho a Custodia', 'DESPACHO_A_CUSTODIA', 'Rol', 'Mesa de Control', 'Ninguna', null, 'Ninguna', null, '900'),
        ('17', '1', 'Actividad', 'Recepción y Custodia', 'RECEPCION_Y_CUSTODIA', 'Rol', 'Iron Mountain', 'Ninguna', null, 'Ninguna', null, '900'),
        ('18', '1', 'Fin', 'Fin', 'FIN', 'Boot', 'wfboot', 'Ninguna', null, 'Ninguna', null, '900');



SET IDENTITY_INSERT Transiciones ON
INSERT INTO Transiciones (Id, EtapaActaualId, EtapaDestinoId, NamespaceValidacion, ClaseValidacion, MetodoValidacion) 
VALUES  ('1', '1', '2', 'Galvarino.Web.Services.Workflow.Transition', 'WorkflowApproved', 'Validar'), 
        ('2', '2', '9', 'Galvarino.Web.Services.Workflow.Transition', 'WorkflowCreditoRM', 'Validar'), 
        ('3', '2', '9', 'Galvarino.Web.Services.Workflow.Transition', 'WorkflowCreditoLegalizado', 'Validar'), 
        ('4', '2', '3', 'Galvarino.Web.Services.Workflow.Transition', 'WorkflowOficinaSinNotaria', 'Validar'), 
        ('5', '2', '5', 'Galvarino.Web.Services.Workflow.Transition', 'WorkflowOficinaConNotaria', 'Validar'), 
        ('6', '3', '4', 'Galvarino.Web.Services.Workflow.Transition', 'WorkflowApproved', 'Validar'), 
        ('7', '4', '5', 'Galvarino.Web.Services.Workflow.Transition', 'WorkflowApproved', 'Validar'), 
        ('8', '5', '6', 'Galvarino.Web.Services.Workflow.Transition', 'WorkflowApproved', 'Validar'),         
        ('9', '6', '7', 'Galvarino.Web.Services.Workflow.Transition', 'WorkflowApproved', 'Validar'), 
        ('10', '7', '8', 'Galvarino.Web.Services.Workflow.Transition', 'WorkflowRecepcionNotariaReparo', 'Validar'), 
        ('11', '7', '9', 'Galvarino.Web.Services.Workflow.Transition', 'WorkflowRecepcionNotariaOk', 'Validar'), 
        ('12', '9', '10', 'Galvarino.Web.Services.Workflow.Transition', 'WorkflowApproved', 'Validar'), 
        ('13', '10', '11', 'Galvarino.Web.Services.Workflow.Transition', 'WorkflowApproved', 'Validar'),
        ('14', '11', '12', 'Galvarino.Web.Services.Workflow.Transition', 'WorkflowApproved', 'Validar'),
        ('15', '12', '9', 'Galvarino.Web.Services.Workflow.Transition', 'WorkflowExpedienteFaltante', 'Validar'),
        ('16', '12', '13', 'Galvarino.Web.Services.Workflow.Transition', 'WorkflowExpedienteErrorFondo', 'Validar'),
        ('17', '12', '16', 'Galvarino.Web.Services.Workflow.Transition', 'WorkflowExpedienteOK', 'Validar'),
        ('18', '13', '14', 'Galvarino.Web.Services.Workflow.Transition', 'WorkflowApproved', 'Validar'),
        ('19', '14', '15', 'Galvarino.Web.Services.Workflow.Transition', 'WorkflowApproved', 'Validar'),
        ('20', '15', '9', 'Galvarino.Web.Services.Workflow.Transition', 'WorkflowApproved', 'Validar'),
        ('21', '16', '17', 'Galvarino.Web.Services.Workflow.Transition', 'WorkflowApproved', 'Validar'),
        ('22', '17', '18', 'Galvarino.Web.Services.Workflow.Transition', 'WorkflowApproved', 'Validar');
